Name,School,Difficulty Level,Rating,Link,About
Data Engineer,School of Data Science,Intermediate,4.6,https://www.udacity.com//course/data-engineer-nanodegree--nd027,"Data Engineering is the foundation for the new world of Big Data. Enroll now to build production-ready data infrastructure, an essential skill for advancing your data career."
Data Scientist,School of Data Science,Advanced,4.7,https://www.udacity.com//course/data-scientist-nanodegree--nd025,"Build effective machine learning models, run data pipelines, build recommendation systems, and deploy solutions to the cloud with industry-aligned projects."
Data Analyst,School of Data Science,Intermediate,4.6,https://www.udacity.com//course/data-analyst-nanodegree--nd002,"Use Python, SQL, and statistics to uncover insights, communicate critical findings, and create data-driven solutions."
C++,School of Autonomous Systems,Intermediate,4.6,https://www.udacity.com//course/c-plus-plus-nanodegree--nd213,Get hands-on experience by building five real-world projects.
Product Manager,School of Product Management,Beginner,4.7,https://www.udacity.com//course/product-manager-nanodegree--nd036,"Envision and execute the development of industry-defining products, and learn how to successfully bring them to market."
Business Analytics,School of Business,Beginner,4.7,https://www.udacity.com//course/business-analytics-nanodegree--nd098,"Gain foundational data skills applicable to any industry. Collect and analyze data, model business scenarios, and communicate your findings with SQL, Excel, and Tableau."
Introduction to Programming,School of Programming & Development,Beginner,4.7,https://www.udacity.com//course/intro-to-programming-nanodegree--nd000,"Udacity's Intro to Programming is your first step towards careers in Web and App Development, Machine Learning, Data Science, AI, and more! This program is perfect for Beginners."
Digital Marketing,School of Business,Beginner,4.7,https://www.udacity.com//course/digital-marketing-nanodegree--nd018,Gain real-world experience running live campaigns as you learn from top experts in the field. Launch your career with a 360-degree understanding of digital marketing.
Deep Learning,School of Artificial Intelligence,Intermediate,4.7,https://www.udacity.com//course/deep-learning-nanodegree--nd101,Deep learning is driving advances in artificial intelligence that are changing our world. Enroll now to build and apply your own deep neural networks to produce amazing solutions to important challenges.
Blockchain Developer,School of Programming & Development,Intermediate,4.5,https://www.udacity.com//course/blockchain-developer-nanodegree--nd1309,"Demand for blockchain developers is skyrocketing. In this program, you'll work with the Bitcoin and Ethereum protocols, build projects for real-world application, and gain the essential skills for a career in this dynamic space."
UX Designer,School of Product Management,Beginner,4.7,https://www.udacity.com//course/ux-designer-nanodegree--nd578,Design impactful user experiences for products in today�s digital world.
Artificial Intelligence for Trading,School of Artificial Intelligence,Intermediate,4.6,https://www.udacity.com//course/ai-for-trading--nd880,"Complete real-world projects designed by industry experts, covering topics from asset management to trading signal generation. Master AI algorithms for trading, and build your career-ready portfolio."
Machine Learning Engineer,School of Artificial Intelligence,Intermediate,4.6,https://www.udacity.com//course/machine-learning-engineer-nanodegree--nd009t,"Become a machine learning engineer and apply predictive models to massive data sets in fields like education, finance, healthcare or robotics."
AI Programming with Python,School of Artificial Intelligence,Beginner,4.6,https://www.udacity.com//course/ai-programming-python-nanodegree--nd089,"Learn Python, NumPy, Pandas, Matplotlib, PyTorch, Calculus, and Linear Algebra�the foundations for building your own neural network."
Front End Web Developer,School of Programming & Development,Intermediate,4.6,https://www.udacity.com//course/front-end-web-developer-nanodegree--nd0011,Learn how to build high quality websites and dynamic applications to create stunning user experiences for the web.
Full Stack Web Developer,School of Programming & Development,Intermediate,4.5,https://www.udacity.com//course/full-stack-web-developer-nanodegree--nd0044,"Learn to design and develop powerful modern web applications that form the foundation for the apps, websites, and systems that people and businesses use every day."
SQL,School of Data Science,Beginner,4.6,https://www.udacity.com//course/learn-sql--nd072,"Master SQL, the core language for Big Data analysis, and enable insight-driven decision-making and strategy for your business."
Machine Learning DevOps Engineer,School of Artificial Intelligence,Advanced,None,https://www.udacity.com//course/machine-learning-dev-ops-engineer-nanodegree--nd0821,"In this program,you will build theDevOps skills required to automate the various aspects and stages of machine learning model building and monitoring."
IntermediatePython,School of Programming & Development,Intermediate,4.4,https://www.udacity.com//course/Intermediate-python-nanodegree--nd303,"The IntermediatePython Nanodegree program teaches Intermediate-level skills for programming with the Python language.  It is ideal for developers interested in using Python to build more complex algorithms with greater capabilities in preparation for a variety of different roles spanning fields like data science, AI, and software engineering."
React,School of Programming & Development,Intermediate,4.6,https://www.udacity.com//course/react-nanodegree--nd019,React is completely transforming Front-End Development. Master this powerful UI library from Facebook with Udacity.
Java Developer,School of Programming & Development,Intermediate,4.4,https://www.udacity.com//course/java-developer-nanodegree--nd035,Learn back-end development with the Java programming language
AI for Healthcare,School of Artificial Intelligence,Advanced,4.6,https://www.udacity.com//course/ai-for-healthcare-nanodegree--nd320,"Be at the forefront of the revolution of AI in Healthcare, and transform patient outcomes. Enable enhanced medical decision-making powered by machine learning to build the treatments of the future."
Data Product Manager,School of Product Management,Intermediate,4.4,https://www.udacity.com//course/data-product-manager-nanodegree--nd030,"Hone specialized skills in Data Product Management by learning how to apply data science best practices to build data-driven products backed by scalable data strategies to deliver the right experience to the right users, at the right time."
Full Stack JavaScript Developer,School of Programming & Development,Intermediate,None,https://www.udacity.com//course/full-stack-javascript-developer-nanodegree--nd0067,"You�ll master the skills necessary to become a successful full stack developer. Learn how to build UI and UX, create APIs and server side business logic and develop the persistence layer to store, process and retrieve data."
Data Structures and Algorithms,School of Programming & Development,Intermediate,4.7,https://www.udacity.com//course/data-structures-and-algorithms-nanodegree--nd256,Get hands-on practice with over 100 data structures and algorithm exercises and technical mentor support when needed to help prepare you for interviews and on-the-job scenarios.
Java Programming,School of Programming & Development,Beginner,None,https://www.udacity.com//course/java-programming-nanodegree--nd079,"This Nanodegree program is intended to elevate your Java abilities and teach you the fundamental skills used by Java developers to design, code, test and deploy cutting-edge Java software. It is ideal for programming Beginners with little or no Java experience who want to set themselves up for success as a professional Java developer and deploy functional Java-based applications of their own creation."
Android Kotlin Developer,School of Programming & Development,Intermediate,4.7,https://www.udacity.com//course/android-kotlin-developer-nanodegree--nd940,"Master Android app development with Kotlin, a modern programming language that enables developers to be more productive."
AI Product Manager,School of Product Management,Beginner,4.3,https://www.udacity.com//course/ai-product-manager-nanodegree--nd088,Learn to develop AI products that deliver business value. Build skills that help you compete in the new AI-powered world.
Deep Reinforcement Learning,School of Artificial Intelligence,Advanced,4.7,https://www.udacity.com//course/deep-reinforcement-learning-nanodegree--nd893,Master the deep reinforcement learning skills that are powering amazing advances in AI. Then start applying these to applications like video games and robotics.
Cloud DevOps Engineer,School of Cloud Computing,Intermediate,4.6,https://www.udacity.com//course/cloud-dev-ops-nanodegree--nd9991,"Companies are looking for talented DevOps engineers to remain competitive in this agile world. Enroll now to operationalize infrastructure at scale and deliver applications and services at high velocity, an essential skill for advancing your career."
Computer Vision,School of Artificial Intelligence,Advanced,4.7,https://www.udacity.com//course/computer-vision-nanodegree--nd891,"Learn the computer vision skills behind advances in robotics and automation. Write programs to analyze images, implement feature extraction, and recognize objects using deep learning models."
Robotics Software Engineer,School of Autonomous Systems,Advanced,4.5,https://www.udacity.com//course/robotics-software-engineer--nd209,"Build five hands-on projects to acquire core robotics software engineering skills: ROS, Gazebo, Localization, Mapping, SLAM, Navigation, and Path Planning."
Natural Language Processing,School of Artificial Intelligence,Advanced,4.5,https://www.udacity.com//course/natural-language-processing-nanodegree--nd892,"Learn the skills to get computers to understand, process, and respond to human language. Build models on real data, and get hands-on experience with sentiment analysis, machine translation, and more."
Data Architect,School of Data Science,Advanced,4.4,https://www.udacity.com//course/data-architect-nanodegree--nd038,"Learn how to plan, design and implement enterprise data infrastructure solutions and create the blueprints for your organization�s data success."
Cloud Developer,School of Cloud Computing,Intermediate,4.4,https://www.udacity.com//course/cloud-developer-nanodegree--nd9990,"Cloud development is the foundation for the new world of software development. Enroll now to build and deploy production-ready full stack apps at scale on AWS, an essential skill for advancing your web development career."
Intro to Self-Driving Cars,School of Autonomous Systems,Intermediate,4.6,https://www.udacity.com//course/intro-to-self-driving-cars--nd113,This introductory program is the perfect way to start your journey.
Cloud Native Application Architecture,School of Cloud Computing,Intermediate,None,https://www.udacity.com//course/cloud-native-application-architecture-nanodegree--nd064,"You�ll master the skills necessary to become a successful cloud native architect. Learn to run and manage scalable applications in a cloud native environment, using open source tools and projects like ArgoCD, gRPC, and Grafana."
Data Streaming,School of Data Science,Advanced,4.3,https://www.udacity.com//course/data-streaming-nanodegree--nd029,Learn how to stream data to unlock key insights in real-time.
Introduction to Cybersecurity,School of Cybersecurity,Beginner,4.5,https://www.udacity.com//course/intro-to-cybersecurity-nanodegree--nd545,"Get your start in the high growth field of cybersecurity by building foundational skills in how to evaluate, maintain and monitor the security of computer systems."
Data Analysis and Visualization with Power BI,School of Data Science,Beginner,None,https://www.udacity.com//course/data-analysis-and-visualization-with-power-BI-nanodegree--nd331,"You�ll master the in-demand skills necessary to become a successful data analyst like data pre-processing, visualization and analysis using Power BI as the primary tool."
Intro to Machine Learning with PyTorch,School of Artificial Intelligence,Intermediate,4.7,https://www.udacity.com//course/intro-to-machine-learning-nanodegree--nd229,"Build a solid foundation in Supervised, Unsupervised, and Deep Learning. Then, use these skills to test and deploy machine learning models in a production environment."
Sensor Fusion Engineer,School of Autonomous Systems,Advanced,4.7,https://www.udacity.com//course/sensor-fusion-engineer-nanodegree--nd313,"Learn to fuse lidar point clouds, radar signatures, and camera images using Kalman Filters to perceive the environment and detect and track vehicles and pedestrians over time."
Agile Software Development,School of Product Management,Beginner,4.6,https://www.udacity.com//course/agile-software-development-nanodegree--nd144,"The Agile Software Development Nanodegree program equips you with the skills you need to guide the delivery of high value products with top notch software development teams.
"
Intro to Machine Learning with TensorFlow,School of Artificial Intelligence,Intermediate,4.7,https://www.udacity.com//course/intro-to-machine-learning-with-tensorflow-nanodegree--nd230,"Build a solid foundation in Supervised, Unsupervised, and Deep Learning. Then, use these skills to test and deploy machine learning models in a production environment."
Ethical Hacker,School of Cybersecurity,Advanced,None,https://www.udacity.com//course/ethical-hacker-nanodegree--nd350,"Master the skills necessary to become a successful Ethical Hacker. Learn how to find and exploit vulnerabilities and weaknesses in various systems, design and execute a penetration testing plan, and report on test findings using valid evidence."
AWS Cloud Architect,School of Cloud Computing,Advanced,4.6,https://www.udacity.com//course/aws-cloud-architect-nanodegree--nd063,"Lead your organization's cloud computing strategy as an AWS Cloud Architect. Plan, design, and build secure, high availability cloud infrastructure."
iOS Developer,School of Programming & Development,Beginner,4.6,https://www.udacity.com//course/ios-developer-nanodegree--nd003,"Master the Swift programming language, and create a portfolio of iOS apps for iPhone and iPad to showcase your skills!"
Cloud Developer using Microsoft Azure,School of Cloud Computing,Intermediate,None,https://www.udacity.com//course/cloud-developer-using-microsoft-azure-nanodegree--nd081,"The Cloud Developer using Microsoft Azure program prepares students with critical cloud computing skills in how to deploy, build, migrate, and monitor applications on Azure."
IntermediateJavaScript,School of Programming & Development,Intermediate,4.4,https://www.udacity.com//course/Intermediate-javascript-nanodegree--nd032,"Master JavaScript, the most popular programming language in the world. Be equipped for Advancedroles in web development, server-side application development, and desktop development."
AI for Business Leaders,School of Business,Intermediate,4.6,https://www.udacity.com//course/ai-for-business-leaders--nd054,"Master the foundations of artificial intelligence so you can strategically implement machine learning technology in your organization, and leverage it for corporate growth."
Predictive Analytics For Business,School of Business,Beginner,4.7,https://www.udacity.com//course/predictive-analytics-for-business-nanodegree--nd008t,"Predictive analytics is the practice of determining patterns from data to predict future outcomes and trends. Across industries, it enables high-value solutions to important business problems."
Marketing Analytics,School of Business,Beginner,4.6,https://www.udacity.com//course/marketing-analytics-nanodegree--nd028,"Gain foundational data skills applicable to marketing. Collect and analyze data, model marketing scenarios, and communicate your findings with Excel, Tableau, Google Analytics, and Data Studios."
Machine Learning Engineer for Microsoft Azure,School of Artificial Intelligence,Intermediate,4.5,https://www.udacity.com//course/machine-learning-engineer-for-microsoft-azure-nanodegree--nd00333,"Strengthen your machine learning skills and build practical experience by training, validating, and evaluating models using Azure Machine Learning. "
Activation and Retention Strategy,School of Product Management,Intermediate,None,https://www.udacity.com//course/activation-and-retention-strategy--nd037-2,"Hone specialized Product Management skills in activation and retention strategy. Guide users through the activation funnel as fast as possible, so they reach your product�s aha-moment, and deploy experiments to improve customer lifetime value and decrease churn."
Android Basics,School of Programming & Development,Beginner,4.8,https://www.udacity.com//course/android-basics-nanodegree-by-google--nd803,No programming experience? No Problem! Start developing Android apps today.
Security Engineer,School of Cybersecurity,Intermediate,None,https://www.udacity.com//course/security-engineer-nanodegree--nd698,Take advantage of the growing need for skilled security professionals by mastering the sought-after skills to protect an organization�s computer networks and systems from security threats or attacks.
Monetization Strategy,School of Product Management,Intermediate,None,https://www.udacity.com//course/monetization-strategy--nd037-3,"Monetization Strategy is the third of three courses in the Growth Product Manager Nanodegree program. Hone specialized Product Management skills in monetization strategy by learning how to implement strategies to drive profitable growth for your business. Build and test pricing plans and market selection, target the right buyer personas, and be equipped to harness their full lifetime value."
Artificial Intelligence,School of Artificial Intelligence,Advanced,4.5,https://www.udacity.com//course/ai-artificial-intelligence-nanodegree--nd898,"Learn essential Artificial Intelligence concepts from AI experts like Peter Norvig and Sebastian Thrun, including search, optimization, planning, pattern recognition, and more."
Security Analyst,School of Cybersecurity,Intermediate,None,https://www.udacity.com//course/security-analyst-nanodegree--nd324,"Learn to identify, correct and respond to security weaknesses and incidents. You�ll also get real-world experience monitoring network traffic, analyzing alert and log data, and following incident handling procedures."
Data Visualization,School of Data Science,Beginner,4.6,https://www.udacity.com//course/data-visualization-nanodegree--nd197,"Combine data, visuals, and narrative to tell impactful stories and make data-driven decisions."
Flying Car and Autonomous Flight Engineer,School of Autonomous Systems,Advanced,4.6,https://www.udacity.com//course/flying-car-nanodegree--nd787,"Master job-ready autonomous flight software engineering skills as you tackle Advancedchallenges, write real code for real aircraft, and develop a systems understanding of the Flying Car full-stack."
Data Science for Business Leaders,School of Business,Intermediate,4.4,https://www.udacity.com//course/data-science-for-business-leaders--nd045,"Master the people, platforms, and processes required to leverage the power of Data Science in your business."
Programming for Data Science with R,School of Data Science,Beginner,4.8,https://www.udacity.com//course/programming-for-data-science-nanodegree-with-R--nd118,"Prepare for a data science career by learning the fundamental data programming tools: R, SQL, command line, and git."
Growth Product Manager,School of Product Management,Intermediate,None,https://www.udacity.com//course/growth-product-manager-nanodegree--nd037,"Hone specialized Product Management skills in growth strategy. Lead experimentation and data-driven decision-making in your organization to drive products to reach the next level of scale, impact, and profitability."
Cloud DevOps using Microsoft Azure,School of Cloud Computing,Intermediate,4.2,https://www.udacity.com//course/cloud-devops-using-microsoft-azure-nanodegree--nd082,"Learn how to deploy, test, and monitor cloud applications on Azure, one of the most popular cloud services platforms used by businesses across the globe."
RPA Developer with UiPath,School of Programming & Development,Beginner,None,https://www.udacity.com//course/rpa-developer-nanodegree--nd340,Build the operational processes that enable the businesses of the future.
Intel� Edge AI for IoT Developers,School of Artificial Intelligence,Advanced,4.7,https://www.udacity.com//course/intel-edge-ai-for-iot-developers-nanodegree--nd131,Lead the development of cutting-edge Edge AI applications that are the future of the Internet of Things. Leverage the Intel� Distribution of OpenVINO� Toolkit to fast-track development of high-performance computer vision and deep learning inference applications.
Hybrid Cloud Engineer,School of Cloud Computing,Intermediate,4.7,https://www.udacity.com//course/hybrid-cloud-engineer-nanodegree--nd321,"This Nanodegree program, built in collaboration with experts from Nutanix, a leader in the cutting edge field of hyperconverged infrastructure software, takes cloud technology and data-center professionals on an in-depth journey into the design, deployment, and management of infrastructure and applications together on the Hybrid Cloud. Master the concepts you need to transform how your IT teams manage applications and support the business."
Cloud Computing for Business Leaders,School of Business,Intermediate,None,https://www.udacity.com//course/cloud-computing-for-business-leaders-nanodegree--nd046,"This program will focus on the unique knowledge and skills that business leaders need to unlock the value of cloud technologies in their organizations, or enable a more cloud-native department that leverages cloud computing to drive growth and create operational efficiencies."
Self Driving Car Engineer,School of Autonomous Systems,Advanced,None,https://www.udacity.com//course/self-driving-car-engineer-nanodegree--nd0013,"In this program, you will learn the techniques that power self-driving cars across the full stack of a vehicle�s autonomous capabilities. Using Deep Learning with radar and lidar sensor fusion, you will train the vehicle to detect and identify its surroundings to inform navigation."
Cyber-Physical Systems Design & Analysis,School of Autonomous Systems,Advanced,None,https://www.udacity.com//course/cyber-physical-systems-design-analysis--ud9876,This course provides an introduction to cyber-physical systems with an industrial perspective.
Differential Equations in Action,School of Autonomous Systems,Intermediate,None,https://www.udacity.com//course/differential-equations-in-action--cs222,"Write Python code to find numerical solutions to systems of differential equations. The models you create will fight wildfires, bring spaceships back to earth, and more!"
Self-Driving Fundamentals: Featuring Apollo ,School of Autonomous Systems,Beginner,None,https://www.udacity.com//course/self-driving-car-fundamentals-featuring-apollo--ud0419,"Identify key parts of self-driving cars, utilize Apollo HD Map, localization, perception, prediction, planning and control, and start the learning path of building a self-driving car. "
Introduction to Machine Learning using Microsoft Azure,School of Artificial Intelligence,Intermediate,None,https://www.udacity.com//course/introduction-to-machine-learning-using-microsoft-azure--ud00333,"Gain a high-level introduction to the field of machine learning and prepare to use Azure Machine Learning Studio to train machine learning models. Plus, learn how to perform a variety of tasks on Azure Machine Learning labs � from data import, transformation and management to training, validating and evaluating models."
AI Fundamentals,School of Artificial Intelligence,Beginner,None,https://www.udacity.com//course/ai-fundamentals--ud099,"AI Fundamentals is an entry point into the world of AI using Microsoft's cloud-based solutions, such as Azure Machine Learning and Azure Cognitive Services."
Linear Algebra Refresher Course,School of Artificial Intelligence,Intermediate,None,https://www.udacity.com//course/linear-algebra-refresher-course--ud953,Learn linear algebra by doing: you will code your own library of linear algebra functions!
Machine Learning: Unsupervised Learning,School of Artificial Intelligence,Intermediate,None,https://www.udacity.com//course/machine-learning-unsupervised-learning--ud741,Ever wonder how Netflix can predict what movies you'll like? Or how Amazon knows what you want to buy before you do? The answer can be found in Unsupervised Learning!
Big Data Analytics in Healthcare,School of Artificial Intelligence,Intermediate,None,https://www.udacity.com//course/big-data-analytics-in-healthcare--ud758,"In this course, we introduce the characteristics of medical data and associated data mining challenges on dealing with such data. We cover various algorithms and systems."
Intro to Descriptive Statistics,School of Artificial Intelligence,Beginner,None,https://www.udacity.com//course/intro-to-descriptive-statistics--ud827,Intro to Descriptive Statistics will teach you the basic concepts of statistics that can be used to extract information from data.
Intel� Edge AI Fundamentals with OpenVINO�,School of Artificial Intelligence,Intermediate,None,https://www.udacity.com//course/intel-edge-AI-fundamentals-with-openvino--ud132,Stay at the cutting-edge of AI technology by gaining practical skills for deploying edge AI. Learn how to use the Intel Distribution of OpenVINO toolkit to deploy computer vision capabilities inside a range of edge applications.
Artificial Intelligence,School of Artificial Intelligence,Intermediate,None,https://www.udacity.com//course/artificial-intelligence--ud954,"This course gives a survey of topics in AI along with in-depth foundational concepts such as classical search, probability, machine learning, logic and planning."
Secure and Private AI,School of Artificial Intelligence,Advanced,None,https://www.udacity.com//course/secure-and-private-ai--ud185,Learn how to extend PyTorch with the tools necessary to train AI models that preserve user privacy.
Model Building and Validation,School of Artificial Intelligence,Advanced,None,https://www.udacity.com//course/model-building-and-validation--ud919,This course will teach you how to start from scratch in understanding and paying attention to what is important in the data and how to answer questions about data.
Data Visualization and D3.js,School of Artificial Intelligence,Intermediate,None,https://www.udacity.com//course/data-visualization-and-d3js--ud507,Learn the fundamentals of data visualization and apply design and narrative concepts to create your own visualization.
Machine Learning for Trading,School of Artificial Intelligence,Intermediate,None,https://www.udacity.com//course/machine-learning-for-trading--ud501,Implement machine learning based strategies to make trading decisions using real-world data.
Machine Learning,School of Artificial Intelligence,Intermediate,None,https://www.udacity.com//course/machine-learning--ud262,"In this course, you'll learn how to apply Supervised, Unsupervised and Reinforcement Learning techniques for solving a range of data science problems."
Intro to Hadoop and MapReduce,School of Artificial Intelligence,Intermediate,None,https://www.udacity.com//course/intro-to-hadoop-and-mapreduce--ud617,"In this short course, learn the fundamentals of MapReduce and Apache Hadoop to start making sense of Big Data in the real world!"
Real-Time Analytics with Apache Storm,School of Artificial Intelligence,Intermediate,None,https://www.udacity.com//course/real-time-analytics-with-apache-storm--ud381,"The world is trending in real time! Learn Apache Storm, taught by Twitter, to scalably analyze real-time tweets and drive d3 visualizations. Storm is free, open and fun!"
A/B Testing,School of Artificial Intelligence,Intermediate,None,https://www.udacity.com//course/ab-testing--ud257,"This course will cover the design and analysis of A/B tests, also known as split tests, which are online experiments used to test potential improvements to a website or mobile application. "
Data Analysis with R,School of Artificial Intelligence,Intermediate,None,https://www.udacity.com//course/data-analysis-with-r--ud651,Data is everywhere and so much of it is unexplored. Learn how to investigate and summarize data sets using R and eventually create your own analysis.
Knowledge-Based AI: Cognitive Systems,School of Artificial Intelligence,Advanced,None,https://www.udacity.com//course/knowledge-based-ai-cognitive-systems--ud409,The twin goals of knowledge-based artificial intelligence (AI) are to build AI agents capable of human-level intelligence and gain insights into human cognition.
Introduction to TensorFlow Lite,School of Artificial Intelligence,Intermediate,None,https://www.udacity.com//course/intro-to-tensorflow-lite--ud190,Learn how to deploy deep learning models on mobile and embedded devices with TensorFlow Lite.
Introduction to Computer Vision,School of Artificial Intelligence,Intermediate,None,https://www.udacity.com//course/introduction-to-computer-vision--ud810,"This course provides an introduction to computer vision including fundamentals, methods for application and machine learning classification."
Intro to TensorFlow for Deep Learning,School of Artificial Intelligence,Intermediate,None,https://www.udacity.com//course/intro-to-tensorflow-for-deep-learning--ud187,"Developed by Google and Udacity, this course teaches a practical approach to deep learning for software developers."
Eigenvectors and Eigenvalues,School of Artificial Intelligence,Beginner,None,https://www.udacity.com//course/eigenvectors-and-eigenvalues--ud104,Learn how to calculate eigenvalues and eigenvectors and why they are important for AI applications.
Intro to Artificial Intelligence,School of Artificial Intelligence,Intermediate,None,https://www.udacity.com//course/intro-to-artificial-intelligence--cs271,"This course will introduce you to the basics of AI. Topics include machine learning, probabilistic reasoning, robotics, computer vision, and natural language processing."
Artificial Intelligence for Robotics,School of Artificial Intelligence,Advanced,None,https://www.udacity.com//course/artificial-intelligence-for-robotics--cs373,"Learn how to program all the major systems of a robotic car. Topics include planning, search, localization, tracking, and control."
Intro to Deep Learning with PyTorch,School of Artificial Intelligence,Intermediate,None,https://www.udacity.com//course/deep-learning-pytorch--ud188,Learn the basics of deep learning and implement your own deep neural networks with PyTorch
AWS DeepRacer,School of Artificial Intelligence,Intermediate,None,https://www.udacity.com//course/aws-deepracer--ud014,Learn the fundamentals of machine learning and reinforcement learning in a fun and engaging way through autonomous driving with AWS DeepRacer.
Reinforcement Learning,School of Artificial Intelligence,,None,https://www.udacity.com//course/reinforcement-learning--ud600,
Introduction to Machine Learning Course,School of Artificial Intelligence,Intermediate,None,https://www.udacity.com//course/intro-to-machine-learning--ud120,"This class will teach you the end-to-end process of investigating data through a machine learning lens. Learn online, with Udacity."
Rapid Prototyping,School of Product Management,Intermediate,None,https://www.udacity.com//course/rapid-prototyping--ud723,Learning to prototype will save you time and money in the development process. You�ll create quality apps faster and have confidence in the viability of your products.
Product Design,School of Product Management,Intermediate,None,https://www.udacity.com//course/product-design--ud509,"Learn product validation, UI/UX practices, Google�s Design Sprint and the process for setting and tracking actionable metrics."
App Monetization,School of Product Management,Intermediate,None,https://www.udacity.com//course/app-monetization--ud518,"Learn how to effectively develop, implement, and measure your monetization strategy, iterating on the model as appropriate."
A/B Testing for Business Analysts,School of Product Management,Intermediate,None,https://www.udacity.com//course/ab-testing--ud979,The A/B Testing course provides students with the foundational knowledge to design and analyze A/B tests to create business insights and support decision making.
Product Manager Interview Preparation,School of Product Management,Beginner,None,https://www.udacity.com//course/product-manager-interview-preparation--ud034,"Ace your product management interview by understanding how to answer key strategic, technical, and practical product questions."
Hybrid Cloud Fundamentals,School of Cloud Computing,Intermediate,None,https://www.udacity.com//course/hybrid-cloud-fundamentals--ud0321,Dive into the role of a hybrid cloud engineer and learn how to use Nutanix's Hyperconverged Infrastructure (HCI) software to configure the different components of a private cloud cluster.
Intro to Cloud Computing,School of Cloud Computing,Beginner,None,https://www.udacity.com//course/intro-to-cloud-computing--ud080,"This free course will equip you with the foundational skills you need to pursue a career in cloud computing. The course covers fundamental cloud computing principles and features hands-on practice using AWS, the leading cloud service provider."
Intro to Information Security,School of Programming & Development,Intermediate,None,https://www.udacity.com//course/intro-to-information-security--ud459,
Cyber-Physical Systems Security,School of Programming & Development,Intermediate,None,https://www.udacity.com//course/cyber-physical-systems-security--ud279,This course provides an introduction to security issues relating to cyber-physical systems including industrial control systems and critical infrastructures.
Network Security,School of Programming & Development,Intermediate,None,https://www.udacity.com//course/network-security--ud199,"This course provides an introduction to computer and network security. Students successfully completing this class will be able to evaluate works in academic and commercial security, and will have rudimentary skills in security research."
Creating an Analytical Dataset,School of Business,Beginner,None,https://www.udacity.com//course/creating-an-analytical-dataset--ud977,Learn how to prepare data to ensure the efficacy of your analysis while improving fluency in Alteryx.
Problem Solving with AdvancedAnalytics,School of Business,Beginner,None,https://www.udacity.com//course/problem-solving-with-Advanced-analytics--ud976,"Learn a scientific approach to solving problems with data, a foundational skill for anyone interested in making data driven decisions in a business context."
Classification Models,School of Business,Intermediate,None,https://www.udacity.com//course/classification-models--ud978,Learn how to use classification predictive models to solve business problems involving non-numeric data.
Segmentation and Clustering,School of Business,Intermediate,None,https://www.udacity.com//course/segmentation-and-clustering--ud981,The Segmentation & Clustering course provides students with the knowledge to build and apply clustering models to develop sophisticated segmentation in business contexts.
Time Series Forecasting,School of Business,Intermediate,None,https://www.udacity.com//course/time-series-forecasting--ud980,The Time Series Forecasting course provides students with the foundational knowledge to build and apply time series forecasting models in a variety of business contexts.
App Marketing,School of Business,Intermediate,None,https://www.udacity.com//course/app-marketing--ud719,"This course will help you organize a strategy of identifying your perfect user, and teach you how to grow your user base by focusing your product on their needs."
How to Build a Startup,School of Business,Intermediate,None,https://www.udacity.com//course/how-to-build-a-startup--ep245,"Learn what it takes to build a successful startup using the Customer Development process, where entrepreneurs ""get out of the building"" to gather and iterate on feedback."
Get Your Startup Started,School of Business,Intermediate,None,https://www.udacity.com//course/get-your-startup-started--ud806,Acquire the know-how necessary to see your business grow towards its next milestone.
Managing Remote Teams with Upwork,School of Business,Beginner,None,https://www.udacity.com//course/managing-remote-teams-with-upwork--ud942,Bring your remote-teams to the next level with hands-on skills to manage your remote workforce effectively.
Intro to Data Science,School of Data Science,Intermediate,None,https://www.udacity.com//course/intro-to-data-science--ud359,"What does a data scientist do? In this course, we will survey the main topics in data science so you can understand the skills that are needed to become a data scientist!"
Intro to Data Analysis,School of Data Science,Beginner,None,https://www.udacity.com//course/intro-to-data-analysis--ud170,"Explore a variety of datasets, posing and answering your own questions about each. You'll be using the Python libraries NumPy, Pandas, and Matplotlib."
SQL for Data Analysis,School of Data Science,Beginner,None,https://www.udacity.com//course/sql-for-data-analysis--ud198,Learn to use Structured Query Language (SQL) to extract and analyze data stored in databases
Database Systems Concepts & Design,School of Autonomous Systems,Intermediate,None,https://www.udacity.com//course/database-systems-concepts-design--ud150,This course presents an example of applying a database application development methodology to a major real-world project.
Intro to Inferential Statistics,School of Data Science,Beginner,None,https://www.udacity.com//course/intro-to-inferential-statistics--ud201,Intro to Inferential Statistics will teach you how to test your hypotheses and begin to make predictions based on statistical results drawn from data!
Spark,School of Data Science,Intermediate,None,https://www.udacity.com//course/learn-spark-at-udacity--ud2002,Master how to work with big data and build machine learning models at scale using Spark!
Data Analysis and Visualization,School of Data Science,Intermediate,None,https://www.udacity.com//course/data-analysis-and-visualization--ud404,"This course will introduce students to the field by covering state�-of-�the-art modeling, analysis and visualization techniques."
Microsoft Power Platform,School of Programming & Development,Beginner,None,https://www.udacity.com//course/microsoft-power-platform--ud091,"Learn to build powerful and effective solutions with ease with Microsoft Power Platform. Created in partnership with the Microsoft Power Platform team, this course will introduce you to efficient low-code solutions for data analytics, app development, and artifical intelligence."
Web Tooling & Automation,School of Programming & Development,Intermediate,None,https://www.udacity.com//course/web-tooling-automation--ud892,"In this course, you�ll learn how to setup your development environment and save a lot of time and effort with automatic optimization."
Front End Frameworks,School of Programming & Development,Advanced,None,https://www.udacity.com//course/front-end-frameworks--ud894,"Explore and build interactive, single-page applications with popular JavaScript frameworks!"
Responsive Web Design Fundamentals,School of Programming & Development,Intermediate,None,https://www.udacity.com//course/responsive-web-design-fundamentals--ud893,Learn and practice strategies for developing websites that look great on every device! Made with Google's Pete LePage.
Linux Command Line Basics,School of Programming & Development,Beginner,None,https://www.udacity.com//course/linux-command-line-basics--ud595,An introduction to the Linux command line interface.
How to Install Android Studio,School of Programming & Development,Beginner,None,https://www.udacity.com//course/how-to-install-android-studio--ud808,Participate in this short tutorial to install Android Studio on your computer and set up a new project using the program's Project Wizard.
Android Basics: Multiscreen Apps,School of Programming & Development,Beginner,None,https://www.udacity.com//course/android-basics-multiscreen-apps--ud839,"Learn to build multiple screens and link them together, expanding the range of apps you can create! You'll also learn how to play audio and add images to your apps."
Website Performance Optimization,School of Programming & Development,Intermediate,None,https://www.udacity.com//course/website-performance-optimization--ud884,"Learn how browsers convert HTML, CSS and JavaScript into websites while you experiment with Chrome Developer Tools to measure and optimize website speed!"
iOS Networking with Swift,School of Programming & Development,Advanced,None,https://www.udacity.com//course/ios-networking-with-swift--ud421,Learn how to incorporate networking into your apps to access data from around the world. Build the On the Map app to share location and fun links with fellow students.
JavaScript Design Patterns,School of Programming & Development,Advanced,None,https://www.udacity.com//course/javascript-design-patterns--ud989,Learn the importance of code organization and how to implement it with either vanilla JavaScript or an organizational library or framework.
Android Basics: User Input,School of Programming & Development,Beginner,None,https://www.udacity.com//course/android-basics-user-input--ud836,Learn how to make your apps interactive using buttons and text! In this course you'll learn the basics of the Java programming language and how to apply them to Android.
Android Performance,School of Programming & Development,Advanced,None,https://www.udacity.com//course/android-performance--ud825,"Performance matters to users, so it must matter to you. Learn how to identify and fix bottlenecks in your Android applications, and ensure a smooth user experience."
Responsive Images,School of Programming & Development,Intermediate,None,https://www.udacity.com//course/responsive-images--ud882,Go beyond image tags! Learn how to make images a part of your responsive design workflow.
Xcode Debugging,School of Programming & Development,Advanced,None,https://www.udacity.com//course/xcode-debugging--ud774,"In this course, you'll learn standard methodologies for debugging software, and how to use Xcode's debugging tools to find and squash bugs."
Gradle for Android and Java,School of Programming & Development,Advanced,None,https://www.udacity.com//course/gradle-for-android-and-java--ud867,Build bigger and better Android and Java apps using the Gradle build tool.
Build Native Mobile Apps with Flutter,School of Programming & Development,Intermediate,None,https://www.udacity.com//course/build-native-mobile-apps-with-flutter--ud905,Learn from experts at Google how to use Flutter to craft high-quality native interfaces on iOS and Android devices in record time.
JavaScript Promises,School of Programming & Development,Advanced,None,https://www.udacity.com//course/javascript-promises--ud898,Learn how to simplify asynchronous work with Native JavaScript Promises!
UIKit Fundamentals,School of Programming & Development,Intermediate,None,https://www.udacity.com//course/uikit-fundamentals--ud788,"Learn the iOS UIKit framework, which is the cornerstone of creating user interfaces in all iOS apps and crucial for any iOS Developer to be intimately familiar with."
Android Basics: User Interface,School of Programming & Development,Beginner,None,https://www.udacity.com//course/android-basics-user-interface--ud834,Learn how to design your first layout in Android! This is the first course in the Android Basics Nanodegree program.
Client-Server Communication,School of Programming & Development,Advanced,None,https://www.udacity.com//course/client-server-communication--ud897,"Learn how a client communicates with a server, including HTTP's request and response cycle, HTTP/2 and HTTPs."
What is Programming?,School of Programming & Development,Beginner,None,https://www.udacity.com//course/what-is-programming--ud994,This course is your first step towards a career in programming.
Building High Conversion Web Forms,School of Programming & Development,Intermediate,None,https://www.udacity.com//course/building-high-conversion-web-forms--ud890,"Increase conversions with best practices for fast, efficient forms! Learn how to design and build web forms for users on any device."
AdvancedAndroid App Development,School of Programming & Development,Advanced,None,https://www.udacity.com//course/Advanced-android-app-development--ud855,"Make your app production-ready by applying Advancedfeatures like library integration, material design, widgets, receiving cloud messages, and more!"
Software Architecture & Design,School of Programming & Development,Intermediate,None,https://www.udacity.com//course/software-architecture-design--ud821,Software Architecture and Design teaches the principles and concepts involved in the analysis and design of large software systems.
Authentication & Authorization: OAuth,School of Programming & Development,Intermediate,None,https://www.udacity.com//course/authentication-authorization-oauth--ud330,Learn to implement the OAuth 2.0 framework to allow users to securely and easily login to your web applications.
Intro to iOS App Development with Swift,School of Programming & Development,Intermediate,None,https://www.udacity.com//course/intro-to-ios-app-development-with-swift--ud585,Take the first step in becoming an iOS Developer by learning about Swift and writing your first app.
Introduction to Operating Systems,School of Programming & Development,Intermediate,None,https://www.udacity.com//course/introduction-to-operating-systems--ud923,"Introduction to Operating Systems teaches the basic operating system abstractions, mechanisms, and their implementations."
Android Basics: Networking,School of Programming & Development,Beginner,None,https://www.udacity.com//course/android-basics-networking--ud843,"This class teaches the basics of networking using Android, and is a part of the Android Basics Nanodegree by Google."
Web Accessibility,School of Programming & Development,Advanced,None,https://www.udacity.com//course/web-accessibility--ud891,"Get hands-on experience making web applications accessible. You�ll understand when and why users need accessibility, then you�ll dive into how to implement."
Android Basics: Data Storage,School of Programming & Development,Beginner,None,https://www.udacity.com//course/android-basics-data-storage--ud845,"In this course, you'll learn the basics of data storage in Android, building your first database and an app that could be used for any small business!"
Scalable Microservices with Kubernetes,School of Programming & Development,Intermediate,None,https://www.udacity.com//course/scalable-microservices-with-kubernetes--ud615,"This course is designed to teach you about managing microservices, using Kubernetes. This course is built in partnership with experts such as Google�s Kelsey Hightower."
Developing Android Apps with Kotlin,School of Programming & Development,Intermediate,None,https://www.udacity.com//course/developing-android-apps-with-kotlin--ud9012,Learn the fundamentals of the Kotlin programming language from Kotlin experts at Google.
Browser Rendering Optimization,School of Programming & Development,Advanced,None,https://www.udacity.com//course/browser-rendering-optimization--ud860,This course will demystify the browser's rendering pipeline and make it easy for you to build high performance web apps.
Learn Swift Programming Syntax,School of Programming & Development,Intermediate,None,https://www.udacity.com//course/learn-swift-programming-syntax--ud902,"This course focuses on the syntax of the Swift programming language. By the end of the course, you'll be able to apply Swift essentials to building iOS apps."
Offline Web Applications,School of Programming & Development,Intermediate,None,https://www.udacity.com//course/offline-web-applications--ud899,Learn how to develop offline-first web application using Service Workers and IndexedDB.
Kotlin for Android Developers,School of Programming & Development,Advanced,None,https://www.udacity.com//course/kotlin-for-android-developers--ud888,"Take an Android app in Java and convert it to Kotlin, learning key features of the Kotlin programming language along the way."
UX Design for Mobile Developers,School of Programming & Development,Beginner,None,https://www.udacity.com//course/ux-design-for-mobile-developers--ud849,This is a design course made for developers. You'll learn UX design skills which will help you make 5-star mobile apps that your users will love.
Software Development Process,School of Programming & Development,Intermediate,None,https://www.udacity.com//course/software-development-process--ud805,"Software Development Processes explores requirements engineering, architecture and design, testing, and software quality in general."
Data Visualization in Tableau,School of Programming & Development,Beginner,None,https://www.udacity.com//course/data-visualization-in-tableau--ud1006,Learn the fundamentals of data visualization and practice communicating with data.
Intro to Progressive Web Apps,School of Programming & Development,Intermediate,None,https://www.udacity.com//course/intro-to-progressive-web-apps--ud811,In this course you�ll get started working on your very first Progressive Web App (PWA) - a web app that can take advantage of many features native applications have enjoyed!
Writing READMEs,School of Programming & Development,Beginner,None,https://www.udacity.com//course/writing-readmes--ud777,Documentation is an important part of the development process. Learn to write READMEs using Markdown so your code can be used by other humans!
Software Analysis & Testing,School of Programming & Development,Intermediate,None,https://www.udacity.com//course/software-analysis-testing--ud333,"This course covers the theory and practice of software analysis, which is at the heart of software development processes such as diagnosing bugs, testing, and debugging."
iOS Persistence and Core Data,School of Programming & Development,Advanced,None,https://www.udacity.com//course/ios-persistence-and-core-data--ud325,"Persisting data is a core skill for any iOS developer. Learn how to store app data to your device using three common techniques: NSUserDefaults, Sandbox, and Core Data."
Computer Networking,School of Programming & Development,Intermediate,None,https://www.udacity.com//course/computer-networking--ud436,This is an AdvancedComputer Networking course that delves into the latest concepts and tools used by the CN industry.
Firebase Analytics: iOS,School of Programming & Development,Intermediate,None,https://www.udacity.com//course/firebase-analytics-ios--ud353,"Learn how to grow an app's user base using Firebase Analytics, a free and unlimited analytics solution"
Human-Computer Interaction,School of Programming & Development,Intermediate,None,https://www.udacity.com//course/human-computer-interaction--ud400,"This course is an introductory course on human-computer interaction, covering the principles, techniques, and open areas of development in HCI."
2D Game Development with libGDX,School of Programming & Development,Intermediate,None,https://www.udacity.com//course/2d-game-development-with-libgdx--ud405,"This course explores how to use LibGDX to build 2D games that run anywhere, from web browsers to mobile devices. At the end you will create a full game, called Icicles."
Intro to jQuery,School of Programming & Development,Intermediate,None,https://www.udacity.com//course/intro-to-jquery--ud245,Learn how to access and modify the DOM with ease using jQuery!
How to create <anything> in Android,School of Programming & Development,Beginner,None,https://www.udacity.com//course/how-to-create-anything-in-android--ud802,Learn to implement the newest Android user interface components while building apps in Android Studio.
Introduction to Graduate Algorithms,School of Programming & Development,Advanced,None,https://www.udacity.com//course/introduction-to-graduate-algorithms--ud401,Learn Advancedtechniques for designing algorithms and apply them to hard computational problems.
Dynamic Web Applications with Sinatra,School of Programming & Development,Intermediate,None,https://www.udacity.com//course/dynamic-web-applications-with-sinatra--ud268,"Sinatra is a micro-framework for quickly developing small Ruby applications for the web. In this course, you'll learn all about Sinatra, routing, and templating."
How to Make a Platformer Using libGDX,School of Programming & Development,Intermediate,None,https://www.udacity.com//course/how-to-make-a-platformer-using-libgdx--ud406,"This course will explore how to create a game called Giga Gal. Giga Gal is a platformer in which you run, collect energy packs, jump a bunch, and shoot enemies."
JavaScript Testing,School of Programming & Development,Intermediate,None,https://www.udacity.com//course/javascript-testing--ud549,Learn how to iterate on your web applications with confidence using the red-green-refactor workflow cycle and automated testing frameworks.
Object-Oriented JavaScript,School of Programming & Development,Intermediate,None,https://www.udacity.com//course/object-oriented-javascript--ud711,
Localization Essentials,School of Programming & Development,Beginner,None,https://www.udacity.com//course/localization-essentials--ud610,"Localization is about making a product feel tailored to users around the world. Specifically, it is the process of adapting a product to a language, culture and market."
Compilers: Theory and Practice,School of Programming & Development,Intermediate,None,https://www.udacity.com//course/compilers-theory-and-practice--ud168,This course teaches the theory and practice behind building compilers for higher level programming languages.
HTML5 Canvas,School of Programming & Development,Beginner,None,https://www.udacity.com//course/html5-canvas--ud292,Learn how you can use HTML5 Canvas to create and modify images or even interactive animations.
Object Oriented Programming in Java,School of Programming & Development,Intermediate,None,https://www.udacity.com//course/object-oriented-programming-in-java--ud283,Learn how to apply powerful object-oriented programming concepts in Java
Designing RESTful APIs,School of Programming & Development,Intermediate,None,https://www.udacity.com//course/designing-restful-apis--ud388,Build and secure a web server with a RESTful Developer-Friendly API that developers will love to use.
GT - Refresher - AdvancedOS,School of Programming & Development,Intermediate,None,https://www.udacity.com//course/gt-refresher-Advanced-os--ud098,"This course covers the essential Operating Systems concepts students need in preparation for the rest of the GT ""AdvancedOperating Systems"" sequence."
Intro to JavaScript,School of Programming & Development,Beginner,None,https://www.udacity.com//course/intro-to-javascript--ud803,"Learn the fundamentals of JavaScript, the most popular programming language in web development."
Grand Central Dispatch (GCD),School of Programming & Development,Intermediate,None,https://www.udacity.com//course/grand-central-dispatch-gcd--ud576,Learn how to prevent background operations from interfering with an app's UI by implementing Apple's GCD framework.
Continuous Integration and Deployment,School of Programming & Development,Intermediate,None,https://www.udacity.com//course/continuous-integration-and-deployment--ud1030,"In this course, you'll learn how to improve the mobile development process by using continuous integration and deployment."
Swift for Beginners,School of Programming & Development,Beginner,None,https://www.udacity.com//course/swift-for-Beginners--ud1022,"Learn Swift, Apple's programming language for building iOS applications. Start with the basics and work your way towards completing sets of challenges in Swift."
Intro to Statistics,School of Programming & Development,Beginner,None,https://www.udacity.com//course/intro-to-statistics--st101,"Get ready to analyze, visualize, and interpret data! Thought-provoking examples and chances to combine statistics and programming will keep you engaged and challenged."
Intro to HTML and CSS,School of Programming & Development,Beginner,None,https://www.udacity.com//course/intro-to-html-and-css--ud001,"In this course, you'll learn the fundamentals web development, along with best practices and professional problem-solving techniques using Developer Tools."
Developing Android Apps,School of Programming & Development,Intermediate,None,https://www.udacity.com//course/new-android-fundamentals--ud851,"Build a cloud-connected Android app, and learn the tools, principles, and best practices of mobile and Android development that you'll apply to your own projects."
Introduction to Python Programming,School of Programming & Development,Beginner,None,https://www.udacity.com//course/introduction-to-python--ud1110,"In this course, you'll learn the fundamentals of the Python programming language, along with programming best practices. You�ll learn to represent and store data using Python data types and variables, and use conditionals and loops to control the flow of your programs. You�ll harness the power of complex data structures like lists, sets, dictionaries, and tuples to store collections of related data. You�ll define and document your own custom functions, write scripts, and handle errors. Lastly, you�ll learn to find and use modules in the Python Standard Library and other third-party libraries."
Introduction to Virtual Reality,School of Programming & Development,Beginner,None,https://www.udacity.com//course/introduction-to-virtual-reality--ud1012,"If you are interested in learning more about virtual reality, this course will teach you the principles of VR technology and help you understand what you can build in VR."
Objective-C for Swift Developers,School of Programming & Development,Intermediate,None,https://www.udacity.com//course/objective-c-for-swift-developers--ud1009,"Learn the distinguishing language features of Objective-C. Practice Objective-C syntax by writing classes, and writing and calling methods."
Software Testing,School of Programming & Development,Intermediate,None,https://www.udacity.com//course/software-testing--cs258,Learn how to catch bugs and break software as you discover different testing methods that will help you build better software.
Interactive 3D Graphics,School of Programming & Development,Intermediate,None,https://www.udacity.com//course/interactive-3d-graphics--cs291,"This course will teach you the principles of 3D computer graphics: meshes, transforms, lighting, animation, and making interactive 3D applications run in a browser."
Full Stack Foundations,School of Programming & Development,Intermediate,None,https://www.udacity.com//course/full-stack-foundations--ud088,Learn the fundamentals of back-end web development by creating your own web application from the ground up using the iterative development process.
High Performance Computer Architecture,School of Programming & Development,Advanced,None,https://www.udacity.com//course/high-performance-computer-architecture--ud007,"The HPCA course covers performance measurement, pipelining, and improved parallelism through various means."
AutoLayout,School of Programming & Development,Intermediate,None,https://www.udacity.com//course/auto-layout--ud1026,"With this course, you will learn about AutoLayout and how to use stack views and constraints to create pixel-perfect UIs."
Kotlin Bootcamp for Programmers,School of Programming & Development,Intermediate,None,https://www.udacity.com//course/kotlin-bootcamp-for-programmers--ud9011,Learn the fundamentals of the Kotlin programming language from Kotlin experts at Google.
Shell Workshop,School of Programming & Development,,None,https://www.udacity.com//course/shell-workshop--ud206,
Core ML: Machine Learning for iOS,School of Programming & Development,Intermediate,None,https://www.udacity.com//course/core-ml--ud1038,Learn how to use Apple's Core ML framework to build iOS apps with intelligent new features.
Statistics,School of Programming & Development,Beginner,None,https://www.udacity.com//course/statistics--st095,We live in a time of unprecedented access to information. You'll learn how to use statistics to interpret that information and make decisions.
Intro to Theoretical Computer Science,School of Programming & Development,Intermediate,None,https://www.udacity.com//course/intro-to-theoretical-computer-science--cs313,Learn the basic concepts in theoretical computer science. Discover what they imply for solving tough computational challenges.
Design of Computer Programs,School of Programming & Development,Advanced,None,https://www.udacity.com//course/design-of-computer-programs--cs212,"Learn how to model problems, and how to optimize performance by using some of the Advancedfeatures of Python."
Data Wrangling with MongoDB,School of Programming & Development,Intermediate,None,https://www.udacity.com//course/data-wrangling-with-mongodb--ud032,"Data Scientists spend most of their time cleaning data. In this course, you will learn to convert and manipulate messy data to extract what you need."
Swift for Developers,School of Programming & Development,Beginner,None,https://www.udacity.com//course/swift-for-developers--ud1025,Get a quick practical introduction to Swift programming basics and build your first iOS app!
Firebase in a Weekend: Android,School of Programming & Development,Intermediate,None,https://www.udacity.com//course/firebase-in-a-weekend-by-google-android--ud0352,This course will teach you when and why to choose Firebase as a backend for your Android application.
Software Debugging,School of Programming & Development,Intermediate,None,https://www.udacity.com//course/software-debugging--cs259,In this course you will learn how to debug programs systematically using scientific methods and build several automated debugging tools in Python.
Deploying a Hadoop Cluster,School of Programming & Development,Intermediate,None,https://www.udacity.com//course/deploying-a-hadoop-cluster--ud1000,Deploy your own Hadoop cluster to crunch some big data!
Server-Side Swift,School of Programming & Development,Intermediate,None,https://www.udacity.com//course/server-side-swift--ud1031,"In this course, built in collaboration with IBM and Hashicorp, you'll learn how to use Swift as a server-side language for building end-to-end applications."
Programming Languages,School of Programming & Development,Intermediate,None,https://www.udacity.com//course/programming-languages--cs262,"This course is an introduction to the fundamentals of programming languages. Concepts include how to specify and process valid strings, sentences and program structures."
Networking for Web Developers,School of Programming & Development,Beginner,None,https://www.udacity.com//course/networking-for-web-developers--ud256,You've used the Internet. Now find out more about how it works.
Intro to Physics,School of Programming & Development,Beginner,None,https://www.udacity.com//course/intro-to-physics--ph100,"Go to the places where big physics discoveries were made in the past and make them yourself. You�ll visit Italy, the Netherlands, and the UK as you learn basic physics."
Intro to Relational Databases,School of Programming & Development,Intermediate,None,https://www.udacity.com//course/intro-to-relational-databases--ud197,Relational databases are a powerful tool used throughout the industry. Learn the basics of SQL and how to connect your Python code to a relational database.
ES6 - JavaScript Improved,School of Programming & Development,Advanced,None,https://www.udacity.com//course/es6-javascript-improved--ud356,Learn about the changes made to the JavaScript programming language in ECMAScript 6 and how to use these new improvements to write better cleaner code.
Mobile Design and Usability for iOS,School of Programming & Development,Intermediate,None,https://www.udacity.com//course/mobile-design-and-usability-for-ios--ud1034,"In this course, taught in collaboration with Facebook, you'll learn how to design an intuitive, user-centered mobile app, from product conception to release."
Intro to AJAX,School of Programming & Development,Intermediate,None,https://www.udacity.com//course/intro-to-ajax--ud110,"Learn how to perform asynchronous requests as you build a web app with data from Google Street View, the New York Times and Wikipedia!"
Intro to Algorithms,School of Programming & Development,Intermediate,None,https://www.udacity.com//course/intro-to-algorithms--cs215,"This class will give you an introduction to the design and analysis of algorithms, enabling you to analyze networks and discover how individuals are connected."
The MVC Pattern in Ruby,School of Programming & Development,Intermediate,None,https://www.udacity.com//course/the-mvc-pattern-in-ruby--ud270,"In this course you�ll learn how to organize your code, and why that�s important. You�ll be using the MVC Design Pattern in the web application micro-framework Sinatra."
WeChat Mini Program Development,School of Programming & Development,Beginner,None,https://www.udacity.com//course/wechat-mini-programs--ud667,"Developed by Tencent and Udacity, this course will teach you to build your first Mini Program."
Asynchronous JavaScript Requests,School of Programming & Development,Intermediate,None,https://www.udacity.com//course/asynchronous-javascript-requests--ud109,Learn how to asynchronously request data in your web applications with Ajax.
Embedded Systems,School of Programming & Development,Intermediate,None,https://www.udacity.com//course/embedded-systems--ud169,"This course takes a holistic view of the embedded system stack focusing on processor architectures, instruction sets, and the associated Advancedcompiler optimizations."
High Performance Computing,School of Programming & Development,Advanced,None,https://www.udacity.com//course/high-performance-computing--ud281,"This course will give you solid foundations for developing, analyzing, and implementing parallel and locality-efficient algorithms.  Offered at Georgia Tech as CS6220"
HTTP & Web Servers,School of Programming & Development,Intermediate,None,https://www.udacity.com//course/http-web-servers--ud303,HTTP is the fundamental protocol of the Web. Explore how it works using Python code and command-line tools.
AdvancedAndroid with Kotlin,School of Programming & Development,Intermediate,None,https://www.udacity.com//course/Advanced-android-with-kotlin--ud940,Develop Feature-Rich Android Apps with the Kotlin Programming Language.
"Computability, Complexity & Algorithms",School of Programming & Development,Advanced,None,https://www.udacity.com//course/computability-complexity-algorithms--ud061,Learn tools and techniques that will help you recognize when problems you encounter are intractable and when there an efficient solution.
AdvancedOperating Systems,School of Programming & Development,Advanced,None,https://www.udacity.com//course/Advanced-operating-systems--ud189,
Passwordless Login Solutions for iOS,School of Programming & Development,Intermediate,None,https://www.udacity.com//course/passwordless-login-solutions-for-ios--ud1028,"In this course you'll implement Account Kit and Facebook Login side by side in a sample app, test our login flow on a series of common use cases, and wrap things up with an introduction to Facebook�s Graph API."
Version Control with Git,School of Programming & Development,Beginner,None,https://www.udacity.com//course/version-control-with-git--ud123,"Learn how to use Git, a popular Version Control System and essential tool for any developer."
Firebase in a Weekend: iOS,School of Programming & Development,Intermediate,None,https://www.udacity.com//course/firebase-in-a-weekend-by-google-ios--ud0351,This course will teach you when and why to choose Firebase as a backend for your iOS application.
Intro to Point & Click App Development,School of Programming & Development,Beginner,None,https://www.udacity.com//course/intro-to-point-click-app-development--ud162,In this short class you'll build powerful apps without writing code. Great if you're an aspiring developer or someone who wants to learn what programmers do.
Deploying Applications with Heroku,School of Programming & Development,Intermediate,None,https://www.udacity.com//course/deploying-applications-with-heroku--ud272,Deploy your first web application using the Heroku platform and learn about the underlying mechanics of web hosting.
Applied Cryptography,School of Programming & Development,Advanced,None,https://www.udacity.com//course/applied-cryptography--cs387,"Cryptography is present in everyday life, from paying with a credit card to using the telephone.  Learn all about making and breaking puzzles in computing."
Java Programming Basics,School of Programming & Development,Beginner,None,https://www.udacity.com//course/java-programming-basics--ud282,"Take your first steps towards becoming a Java developer! Learn Java syntax and create conditional statements, loops, and functions."
C++ For Programmers,School of Programming & Development,Intermediate,None,https://www.udacity.com//course/c-for-programmers--ud210,"This course teaches C++ to students already familiar with a programming language. Students will learn how to use header files, control flow, functions, classes."
Intro to Backend,School of Programming & Development,Intermediate,None,https://www.udacity.com//course/intro-to-backend--ud171,Learn to build a multiuser blog with Google App Engine that permits users to sign in
JavaScript and the DOM,School of Programming & Development,Intermediate,None,https://www.udacity.com//course/javascript-and-the-dom--ud117,
Firebase Analytics: Android,School of Programming & Development,Intermediate,None,https://www.udacity.com//course/firebase-analytics-android--ud354,"Learn how to grow an app's user base using Firebase Analytics, a free and unlimited analytics solution"
Configuring Linux Web Servers,School of Programming & Development,,None,https://www.udacity.com//course/configuring-linux-web-servers--ud299,
How to Make an iOS App,School of Programming & Development,Advanced,None,https://www.udacity.com//course/how-to-make-an-ios-app--ud607,"Learn the process of building an app, taking your ideas from drawing board to App Store!"
Intro to DevOps,School of Programming & Development,Advanced,None,https://www.udacity.com//course/intro-to-devops--ud611,"Learn all about the DevOps landscape, workflow, and a survey of the systems currently being used to support scalable software deployment."
Google Maps APIs,School of Programming & Development,Intermediate,None,https://www.udacity.com//course/google-maps-apis--ud864,This course will introduce you to the content available through the Google Maps APIs through building a real-estate listings web application step-by-step.
Passwordless Login Solutions for Android,School of Programming & Development,,None,https://www.udacity.com//course/passwordless-login-solutions-for-android--ud357,
Mobile Design and Usability for Android,School of Programming & Development,Intermediate,None,https://www.udacity.com//course/mobile-design-and-usability-for-android--ud358,"In this course, taught in collaboration with Facebook, you'll learn how to design an intuitive, user-centered mobile app, from product conception to release."
iOS Design Patterns,School of Programming & Development,Intermediate,None,https://www.udacity.com//course/ios-design-patterns--ud1029,"In this course, you'll explore iOS design patterns � the practical and battle-tested solutions to common problems that are used everyday by developers."
Intro to Psychology,School of Programming & Development,Beginner,None,https://www.udacity.com//course/intro-to-psychology--ps001,Go on a journey through psychological concepts and principles to enable you to gain a more in-depth understanding of human thought and behavior.
Engagement & Monetization | Mobile Games,School of Programming & Development,Beginner,None,https://www.udacity.com//course/engagement-monetization-mobile-games--ud407,"You will learn the most effective monetization strategies for your game, how to  keep your players interested and engaged, so that your game stands out in the app store."
Material Design for Android Developers,School of Programming & Development,Intermediate,None,https://www.udacity.com//course/material-design-for-android-developers--ud862,Learn and apply the material design principles that define Android's visual language to your apps.
Craft Your Cover Letter,Career Advancement,Beginner,None,https://www.udacity.com//course/craft-your-cover-letter--ud244,Write a compelling narrative that showcases your value to the company.
Refresh Your Resume,Career Advancement,Beginner,None,https://www.udacity.com//course/refresh-your-resume--ud243,Create a targeted resume that gets the attention of recruiters and lands you an interview in tech.
Strengthen Your LinkedIn Network & Brand,Career Advancement,Beginner,None,https://www.udacity.com//course/strengthen-your-linkedin-network-and-brand--ud242,Learn how to excel at networking both in-person and on LinkedIn.
Data Science Interview Prep,Career Advancement,Intermediate,None,https://www.udacity.com//course/data-science-interview-prep--ud944,"Prepare for data science interviews by practicing data analysis, machine learning, and data structure and algorithms questions."
Android Interview Prep,Career Advancement,Intermediate,None,https://www.udacity.com//course/android-interview-prep--ud241,Learn how to respond to common Android and mobile development interview questions.
Machine Learning Interview Preparation,Career Advancement,Intermediate,None,https://www.udacity.com//course/machine-learning-interview-prep--ud1001,"In this course, you�ll learn exactly what to expect during a machine learning interview."
Front-End Interview Prep,Career Advancement,Intermediate,None,https://www.udacity.com//course/front-end-interview-prep--ud250,Answer front-end technical and behavioral interview questions with confidence and poise.
Full-Stack Interview Prep,Career Advancement,Intermediate,None,https://www.udacity.com//course/full-stack-interview-prep--ud252,Answer common full stack and web security interview questions with confidence and poise.
Data Structures & Algorithms in Swift,Career Advancement,Intermediate,None,https://www.udacity.com//course/data-structures-and-algorithms-in-swift--ud1011,Review and practice the skills technical interviewers expect you to know and learn how to explain your Swift solutions.
iOS Interview Prep,Career Advancement,Intermediate,None,https://www.udacity.com//course/ios-interview-prep--ud240,Answer iOS and mobile development interview questions with confidence and poise.
VR Interview Prep,Career Advancement,Intermediate,None,https://www.udacity.com//course/vr-interview-prep--ud251,Learn how to tackle interview questions for technical roles in VR Development.
